{
    "2": {
        "zone_id": 2,
        "params": {
            "a": 0.00443466268558815,
            "b": 0.7797393998417922,
            "c": -157.43765719007845,
            "d": -0.028897595920820893,
            "e": -0.037835210689619946,
            "f": -45.733791567477546
        },
        "residual": 0.17423522295824964
    }
}